{
    "width": 580,
    "height": 400,
    "blocker_polygons": [
        [
            [
                74.5,
                333.453125
            ],
            [
                74.5,
                333.453125
            ],
            [
                74.0,
                227.0
            ]
        ],
        [
            [
                80.5,
                349.453125
            ],
            [
                80.5,
                349.453125
            ],
            [
                80.0,
                253.0
            ],
            [
                141.0,
                253.0
            ],
            [
                141.0,
                243.0
            ],
            [
                77.0,
                243.0
            ],
            [
                77.0,
                98.0
            ],
            [
                148.0,
                98.0
            ],
            [
                148.0,
                221.0
            ],
            [
                158.0,
                221.0
            ],
            [
                158.0,
                153.0
            ],
            [
                229.0,
                153.0
            ],
            [
                229.0,
                131.0
            ],
            [
                219.0,
                131.0
            ],
            [
                219.0,
                145.0
            ],
            [
                156.0,
                145.0
            ],
            [
                156.0,
                100.0
            ],
            [
                215.0,
                100.0
            ],
            [
                215.0,
                112.0
            ],
            [
                227.0,
                112.0
            ],
            [
                227.0,
                98.0
            ],
            [
                364.0,
                98.0
            ],
            [
                364.0,
                84.0
            ],
            [
                66.0,
                83.0
            ],
            [
                66.0,
                345.0
            ],
            [
                80.5,
                349.453125
            ]
        ],
        [
            [
                140.5,
                343.453125
            ],
            [
                140.5,
                343.453125
            ],
            [
                250.0,
                343.0
            ],
            [
                250.0,
                297.0
            ],
            [
                257.0,
                297.0
            ],
            [
                257.0,
                344.0
            ],
            [
                325.0,
                344.0
            ],
            [
                325.0,
                281.0
            ],
            [
                178.5,
                282.453125
            ],
            [
                178.0,
                271.0
            ],
            [
                325.0,
                271.0
            ],
            [
                325.0,
                154.0
            ],
            [
                334.0,
                154.0
            ],
            [
                334.0,
                265.0
            ],
            [
                370.0,
                265.0
            ],
            [
                370.0,
                275.0
            ],
            [
                338.0,
                275.0
            ],
            [
                338.0,
                341.0
            ],
            [
                391.0,
                341.0
            ],
            [
                391.0,
                155.0
            ],
            [
                399.0,
                155.0
            ],
            [
                399.0,
                350.0
            ],
            [
                139.0,
                350.0
            ]
        ],
        [
            [
                460.5,
                44.453125
            ],
            [
                460.5,
                44.453125
            ],
            [
                460.0,
                266.0
            ],
            [
                469.0,
                266.0
            ],
            [
                469.0,
                44.0
            ],
            [
                460.5,
                44.453125
            ]
        ]
    ],
    "reward_points": [
        [
            92.915711,
            127.043918
        ],
        [
            297.916702,
            325.37821
        ],
        [
            306.250075,
            252.87786
        ]
    ],