{
    "width": 400,
    "height": 400,
    "blocker_polygons": [
        [
            [
                154.333148,
                340.969324
            ],
            [
                154.333148,
                340.969324
            ],
            [
                154.000628,
                99.33373899999998
            ],
            [
                203.334162,
                99.33373899999998
            ],
            [
                203.334162,
                341.334726
            ],
            [
                154.333147,
                340.96932499999997
            ]
        ],
        [
            [
                94.848957,
                289.971179
            ],
            [
                94.848957,
                289.971179
            ],
            [
                94.545028,
                332.725773
            ],
            [
                50.302804,
                332.725773
            ],
            [
                50.302804,
                247.271613
            ],
            [
                85.45416,
                247.271613
            ],
            [
                85.45416,
                276.362391
            ],
            [
                92.726855,
                276.362391
            ],
            [
                92.726855,
                202.42333000000002
            ],
            [
                84.848102,
                202.42333000000002
            ],
            [
                84.848102,
                236.96862900000002
            ],
            [
                48.484629999999996,
                236.96862900000002
            ],
            [
                48.484629999999996,
                149.090237
            ],
            [
                80.60569699999999,
                149.090237
            ],
            [
                80.60569699999999,
                189.696115
            ],
            [
                88.48445,
                189.696115
            ],
            [
                88.48445,
                96.96925999999999
            ],
            [
                79.999639,
                96.96925999999999
            ],
            [
                79.999639,
                136.96908
            ],
            [
                51.514919000000006,
                136.96908
            ],
            [
                51.514919000000006,
                66.666366
            ],
            [
                78.787524,
                66.666366
            ],
            [
                78.787524,
                90.302623
            ],
            [
                86.060218,
                90.302623
            ],
            [
                86.060218,
                62.423961
            ],
            [
                50.30280400000001,
                61.817903
            ],
            [
                50.30280400000001,
                35.151357000000004
            ],
            [
                76.96935,
                35.151357000000004
            ],
            [
                76.96935,
                53.93915100000001
            ],
            [
                83.02992900000001,
                53.93915100000001
            ],
            [
                83.02992900000001,
                35.151357000000004
            ],
            [
                264.241233,
                35.151357000000004
            ],
            [
                264.241233,
                70.30271300000001
            ],
            [
                269.089696,
                70.30271300000001
            ],
            [
                269.089696,
                35.15135700000001
            ],
            [
                301.816821,
                35.15135700000001
            ],
            [
                301.816821,
                83.02992900000001
            ],
            [
                263.635175,
                83.02992900000001
            ],
            [
                263.635175,
                112.72676500000001
            ],
            [
                269.089696,
                112.72676500000001
            ],
            [
                269.089696,
                86.06021800000002
            ],
            [
                302.422879,
                86.06021800000002
            ],
            [
                302.422879,
                156.96898900000002
            ],
            [
                271.513928,
                156.96898900000002
            ],
            [
                271.513928,
                121.21157500000002
            ],
            [
                264.84729100000004,
                121.21157500000002
            ],
            [
                264.241233,
                207.87785100000002
            ],
            [
                270.30181200000004,
                207.87785100000002
            ],
            [
                270.30181200000004,
                166.05985700000002
            ],
            [
                300.908629,
                168.75960700000002
            ],
            [
                300.604706,
                250.90796
            ],
            [
                273.93815900000004,
                250.90796
            ],
            [
                273.93815900000004,
                219.999008
            ],
            [
                267.27152200000006,
                219.999008
            ],
            [
                266.66546500000004,
                289.695664
            ],
            [
                274.54421700000006,
                289.695664
            ],
            [
                273.93815900000004,
                260.604886
            ],
            [
                301.21076300000004,
                260.604886
            ],
            [
                300.604706,
                333.331831
            ],
            [
                273.93815900000004,
                333.331831
            ],
            [
                273.93815900000004,
                301.21076300000004
            ],
            [
                268.48363800000004,
                300.604706
            ],
            [
                268.48363800000004,
                342.422699
            ],
            [
                308.48345800000004,
                342.422699
            ],
            [
                308.48345800000004,
                30.302894000000038
            ],
            [
                42.42405100000002,
                30.302894000000038
            ],
            [
                42.42405100000002,
                337.57423600000004
            ],
            [
                100.60560700000002,
                337.57423600000004
            ],
            [
                100.60560700000002,
                289.695664
            ],
            [
                94.84895700000003,
                289.971179
            ]
        ]
    ],
    "reward_points": [
        [
            294.84805,
            93.002374
        ],
        [
            209.99995,
            252.395589
        ],
        [
            209.393892,
            101.487184
        ],
        [
            133.63666,
            106.941705
        ],
        [
            54.849138,
            51.79044
        ],
        [
            50.606733,
            158.456623
        ]
    ],